family,1future_count,1future_percent
Mother,894,36.47490820073439
Father,759,30.96695226438188
Dad,347,14.157486740106078
Wife,345,14.075887392900857
Husband,106,4.324765401876785
