family,armani_count,armani_percent
Mother,660,33.536585365853654
Wife,658,33.4349593495935
Father,345,17.530487804878046
Dad,170,8.638211382113822
Husband,135,6.859756097560974
