family,dojacat_count,dojacat_percent
Wife,745,27.35952993022402
Mother,703,25.81711347778186
Dad,574,21.079691516709513
Father,513,18.839515240543523
Husband,188,6.904149834741095
