family,fendi_count,fendi_percent
Mother,1319,37.33371072742711
Wife,1252,35.43730540617039
Father,519,14.690065100481176
Dad,248,7.019530144353239
Husband,195,5.519388621568071
