family,givenchy_count,givenchy_percent
Mother,865,35.50903119868637
Wife,830,34.072249589490966
Father,399,16.379310344827587
Dad,196,8.045977011494255
Husband,146,5.9934318555008215
