family,iamcardib_count,iamcardib_percent
Mother,636,38.06104129263914
Wife,473,28.30640335128665
Father,267,15.978456014362658
Dad,183,10.951526032315977
Husband,112,6.702573309395571
