family,jcolenc_count,jcolenc_percent
Father,1741,33.067426400759736
Mother,1486,28.22412155745489
Wife,907,17.226970560303894
Dad,817,15.517568850902183
Husband,314,5.963912630579296
