family,kanyewest_count,kanyewest_percent
Father,2155,29.04704138023993
Wife,1826,24.612481466504917
Mother,1690,22.77935031675428
Dad,1240,16.71384283596172
Husband,508,6.847284000539157
