family,Count,Percent
Father,1318,32.859636000997256
Mother,864,21.54076290201945
Dad,822,20.49364248317128
Wife,714,17.801047120418847
Husband,293,7.30491149339317
