family,kendricklamar_count,kendricklamar_percent
Father,1318,32.859636000997256
Mother,864,21.54076290201945
Dad,822,20.49364248317128
Wife,714,17.801047120418843
Husband,293,7.304911493393168
