family,kodakblack1k_count,kodakblack1k_percent
Mother,1837,41.08700514426303
Father,1246,27.86848579736077
Wife,658,14.71706553343771
Dad,534,11.943636770297472
Husband,196,4.383806754641021
