family,lilbaby4pf_count,lilbaby4pf_percent
Mother,1771,41.07142857142858
Father,1110,25.742115027829314
Wife,688,15.955473098330245
Dad,563,13.056586270871987
Husband,180,4.17439703153989
