family,lilbaby4pf_count,lilbaby4pf_percent
Mother,2274,41.233000906618315
Father,1414,25.63916591115141
Wife,896,16.246600181323664
Dad,711,12.892112420670898
Husband,220,3.9891205802357206
