family,liltunechi_count,liltunechi_percent
Mother,1257,28.82366429717954
Father,1229,28.181609722540703
Wife,939,21.5317587709241
Dad,639,14.652602614079338
Husband,297,6.810364595276313
