family,offwht_count,offwht_percent
Father,569,45.01582278481012
Dad,354,28.00632911392405
Wife,147,11.629746835443036
Mother,106,8.38607594936709
Husband,88,6.962025316455696
