family,rolex_count,rolex_percent
Father,925,42.31473010064044
Dad,536,24.519670631290026
Wife,267,12.21408966148216
Husband,263,12.03110704483074
Mother,195,8.920402561756633
