family,Count,Percent
Mother,193,29.92248062015504
Wife,168,26.046511627906977
Dad,123,19.069767441860467
Father,121,18.75968992248062
Husband,40,6.2015503875969
