family,theestallion_count,theestallion_percent
Mother,3100,45.5480458419042
Wife,1682,24.71348809873641
Father,1018,14.957390537760798
Dad,682,10.020570085218923
Husband,324,4.760505436379665
