family,trvisxx_count,trvisxx_percent
Mother,1615,31.87290309848036
Wife,1305,25.754884547069267
Father,990,19.53818827708703
Dad,858,16.93309650680876
Husband,299,5.900927570554568
