family,tylerthecreator_count,tylerthecreator_percent
Father,703,26.89364957918898
Dad,620,23.718439173680185
Mother,582,22.264728385615914
Wife,541,20.696250956388678
Husband,168,6.426931905126243
