family,wizkhalifa_count,wizkhalifa_percent
Mother,1771,30.247651579846284
Father,1627,27.788215200683176
Wife,1204,20.563620836891545
Dad,868,14.824935952177624
Husband,385,6.575576430401366
