family,1gunnagunna_count,1gunnagunna_percent
Mother,1476,40.272851296043655
Father,1040,28.376534788540248
Wife,507,13.833560709413373
Dad,490,13.369713506139158
Husband,152,4.147339699863576
