family,21savage_count,21savage_percent
Mother,2193,38.91057487579844
Father,1534,27.217885024840317
Wife,910,16.146202980837472
Dad,747,13.254080908445703
Husband,252,4.471256210078069
