family,bapeofficial_count,bapeofficial_percent
Father,619,45.85185185185185
Dad,390,28.888888888888886
Wife,126,9.333333333333334
Husband,109,8.074074074074074
Mother,106,7.851851851851851
