family,drake_count,drake_percent
Mother,2319,29.650939777522055
Father,2275,29.088351873162004
Wife,1613,20.623961130290247
Dad,1160,14.83186293312876
Husband,454,5.804884285896946
