family,gucci_count,gucci_percent
Wife,1719,34.77645154764313
Mother,1704,34.47299211005462
Father,754,15.253894396115717
Dad,430,8.699170544203923
Husband,336,6.797491401982601
