family,jackharlow_count,jackharlow_percent
Father,1842,26.25053441641727
Mother,1746,24.882428388200083
Dad,1622,23.11529143508622
Wife,1405,20.02280176713695
Husband,402,5.72894399315947
