family,kith_count,kith_percent
Father,1308,46.498400284393895
Dad,890,31.638819765375043
Wife,270,9.598293636686812
Husband,210,7.465339495200854
Mother,135,4.799146818343406
