family,lildurk_count,lildurk_percent
Mother,967,42.542894852617685
Father,593,26.088869335679714
Wife,373,16.410030796304444
Dad,252,11.086669599648042
Husband,88,3.8715354157501096
