family,louisvuitton_count,louisvuitton_percent
Wife,1243,37.86171184891867
Mother,1074,32.713981114834
Father,467,14.224794395370088
Dad,275,8.376484922327139
Husband,224,6.823027718550106
