family,nickiminaj_count,nickiminaj_percent
Mother,1924,38.60353130016052
Wife,1348,27.04654895666132
Father,873,17.51605136436597
Dad,521,10.453451043338685
Husband,318,6.380417335473516
