family,prada_count,prada_percent
Wife,1349,36.61780673181324
Mother,1287,34.934853420195445
Father,520,14.115092290988057
Dad,285,7.73615635179153
Husband,243,6.596091205211726
