family,rickross_count,rickross_percent
Father,1595,37.17948717948718
Mother,1280,29.836829836829835
Wife,667,15.547785547785548
Dad,520,12.121212121212123
Husband,228,5.314685314685315
