family,telfarglobal_count,telfarglobal_percent
Wife,627,39.63337547408344
Mother,563,35.58786346396966
Dad,192,12.13653603034134
Father,148,9.355246523388116
Husband,52,3.286978508217446
